"""ID""","""Fact"""
"""1""","""The reason you have two sets of teeth probably comes down to size. A full set of permanent teeth would be too big to fit into a young child's mouth. So, milk teeth act as a bridge until the jaw is large enough to accommodate a full set of permanent teeth."""
"""2""","""The last teeth that emerge are your wisdom teeth."""
"""3""","""The oldest living land animal on earth is a 192-year-old tortoise named Jonathan."""
"""4""","""The hardest bone in the human body is the femur."""
"""5""","""A group of owls is called a parliament."""
"""6""","""The deepest part of the ocean is approximately 35,876 feet down."""
"""7""","""A silverback gorilla can lift over 1,763 pounds."""
"""8""","""Salvador Dalí designed the logo for the Chupa Chups lollipop brand."""
"""9""","""The Caesar salad was invented in 1924."""
"""10""","""The sun is about 400 times larger than the moon."""
"""11""","""The average person blinks 14 to 17 times per minute."""
"""12""","""90 percent of the world’s population lives in the Northern Hemisphere."""
"""13""","""Central Park in New York City is larger than the entire country of Monaco."""
"""14""","""Cuvier’s beaked whales can hold their breath underwater for over two hours."""
"""15""","""The average golf ball has 336 dimples."""
"""16""","""Over sixty percent of the world’s lakes are located in Canada."""
"""17""","""The International Space Station orbits Earth approximately every 90 minutes."""
"""18""","""Somewhere between 50% and 80% of earth's living organisms are in the ocean."""
"""19""","""Australia is wider than the moon."""
"""20""","""Venus is the only planet to spin clockwise."""
"""21""","""Allodoxaphobia is the fear of other people’s opinions."""
"""22""","""Human teeth are the only part of the body that cannot heal themselves."""
"""23""","""Competitive art used to be an Olympic sport."""
"""24""","""The specks on strawberries are single seeds called achenes."""
"""25""","""The first person processed at Ellis Island was a 15-year-old girl from Ireland."""
"""26""","""Google Images was created after Jennifer Lopez wore the green dress at the 2000 Grammys."""
"""27""","""Lemons float in water, but limes sink."""
"""28""","""The Eiffel Tower was originally made for Barcelona."""
"""29""","""It would take 19 minutes to fall to the center of the Earth."""
"""30""","""The Venus Flytrap is considered a Carnivorous plant and eat insects for nutrients."""
"""31""","""The real name for a hashtag is an octothorpe."""
"""32""","""Neil Armstrong’s hair was sold in 2004 for $3,000."""
"""33""","""The longest English word is 189,819 letters long."""
"""34""","""The tiny pocket in jeans was designed to store pocket watches."""
"""35""","""People once ate arsenic to improve their skin."""
"""36""","""The largest bowling alley in the world is in Japan and has 116 lanes."""
"""37""","""“The Terminator” script was sold for $1."""
"""38""","""A fear of long words is called Hippopotomonstrosesquippedaliophobia."""
"""39""","""The quickest commercial flight in the world is in Scotland."""
"""40""","""Penicillin was first called “mold juice.”"""
"""41""","""The first commercial passenger flight lasted only 23 minutes."""
"""42""","""There are eight NFL teams currently without cheerleaders."""
"""43""","""No number before 1,000 contains the letter A."""
"""44""","""There were active volcanoes on the moon when dinosaurs were alive."""
"""45""","""Sudan has more pyramids than any country in the world."""
"""46""","""The human circulatory system is more than 60,000 miles long."""
"""47""","""The Pope can’t be an organ donor."""
"""48""","""Tug of war was in the Olympics from 1900 to 1920."""
"""49""","""The world’s longest concert lasted 453 hours."""
"""50""","""It’s impossible to hum while holding your nose."""
"""51""","""Africa is the only continent in all four hemispheres."""
"""52""","""All mammals get goosebumps."""
"""53""","""Japan has one vending machine for every 40 people."""
"""54""","""Cleopatra was born in Egypt but comes from Macedonian descent."""
"""55""","""McDonald’s once made bubblegum-flavored broccoli."""
"""56""","""Finland has more saunas than cars."""
"""57""","""The longest time someone has spent holding their breath underwater is 24 minutes and 37 seconds. """
"""58""","""Frida Kahlo painted 55 self-portraits."""
"""59""","""Avocados are actually fruits, not vegetables."""
"""60""","""The shortest war in history, the Anglo-Zanzibar war, lasted 38 to 45 minutes."""
"""61""","""NFL Super Bowl referees also get Super Bowl rings."""
"""62""","""It’s illegal to own only one guinea pig in Switzerland."""
"""63""","""Only four countries in the world have national anthems with no lyrics."""
"""64""","""The letter “Q” doesn’t appear in any American state’s name."""
"""65""","""Walt Disney currently holds the most Academy Awards at a lifetime total of 26."""
"""66""","""The Paris Catacombs contain the remains of over six million people."""
"""67""","""The average cloud weighs over one million pounds."""
"""68""","""Wearing a necktie could reduce blood flow to your brain by up to 7.5 percent."""
"""69""","""Animals can also be allergic to humans."""
"""70""","""Finland has ranked as the happiest country in the world for 7 years straight."""
"""71""","""Bottlenose dolphins are the only other species to have names for themselves."""
"""72""","""All clown fish are born male and can become female later in life."""
"""73""","""Your brain alone burns around 400 to 500 calories each day."""
"""74""","""Approximately 10% of people are left-handed."""
"""75""","""Besides water, tea is the most popular beverage worldwide."""
"""76""","""Your heart beats an average of 100,000 times each day."""
"""77""","""The first animals to travel to outer space were fruit flies."""
"""78""","""The longest-named dinosaur is the Micropachycephalosaurus."""
"""79""","""Dolphins can hold their breath underwater for eight to ten minutes."""
"""80""","""A baby kangaroo is called a joey."""
"""81""","""A group of hyenas is called a cackle."""
"""82""","""Like fingerprints, everyone’s tongue print is unique."""
"""83""","""An ostrich’s eye is bigger than its brain. """
"""84""","""Octopuses have three hearts and their blood is blue."""
"""85""","""The plastic or metal tip of your shoelace is called an aglet."""
"""86""","""Cats sleep an average of 15 hours per day."""
"""87""","""The femur is the longest bone in the human body."""
"""88""","""Baby hedgehogs are called hoglets."""
"""89""","""Bats are the only flying mammals. """
"""90""","""A watermelon is 92% water."""
"""91""","""Tomatoes are a fruit, not a vegetable. """
"""92""","""Chihuahuas are the smallest dog breed. """
"""93""","""Snakes smell with their tongue."""
"""94""","""Buzz Lightyear’s original name was Lunar Larry."""
"""95""","""A chicken once lived for 18 months without its head. """
"""96""","""Ketchup was once sold as medicine. """
"""97""","""A sheep was the first animal to be cloned. """
"""98""","""Jupiter is the largest planet in the solar system. """
"""99""","""The closest planet to the sun is Mercury."""
"""100""","""A mile is 5,280 feet long. """
"""101""","""Only male toads make loud croaking sounds."""
"""102""","""Platypuses sweat milk."""
"""103""","""Massachusetts is the home of basketball and volleyball. """
"""104""","""Bananas glow blue under black lights."""
"""105""","""A woman in the United Kingdom once called the police when her ice cream didn’t have enough sprinkles."""
"""106""","""Russia has 11 time zones."""
"""107""","""The American white pelican can hold up to three gallons of water in its mouth."""
"""108""","""Japan released sushi-inspired Kit Kats."""
"""109""","""Comets smell like rotten eggs. """
"""110""","""The oldest cat ever recorded lived to be 38 years and three days old."""
"""111""","""Vatican City is the smallest country in the world."""
"""112""","""Bees can fly higher than Mount Everest."""
"""113""","""Almonds and peaches are related."""
"""114""","""Cap’n Crunch’s full name is Horatio Magellan Crunch."""
"""115""","""Giraffe tongues can be 20 inches long."""
"""116""","""The Hollywood sign used to say Hollywoodland."""
"""117""","""Peanuts aren’t a type of nut, they are actually legumes and grow underground."""
"""118""","""Blue whale tongues can weigh as much as an elephant."""
"""119""","""New Zealand has more sheep than humans."""
"""120""","""Skin is the body’s largest organ."""
"""121""","""President Theodore Roosevelt had a pet hyena."""
"""122""","""The national animal of Scotland is a unicorn."""
"""123""","""Fingernails grow faster than toenails."""
"""124""","""Shrimp’s hearts are located in their heads."""
"""125""","""The Amazon River is the biggest river on earth."""
"""126""","""The Burj Khalifa in Dubai is the world’s tallest building. """
"""127""","""The largest continent in the world is Asia. """
"""128""","""Ants don’t have lungs."""
"""129""","""The fastest animal in the world is a cheetah. """
"""130""","""There’s a planet called 55 Cancri e, made almost entirely of diamonds."""
"""131""","""Golf was the first sport played on the moon."""
"""132""","""Rhode Island is the smallest state in the United States. """
"""133""","""The Great Barrier Reef in Australia is the world's largest coral reef."""
"""134""","""The largest animal in the world is the blue whale. """
"""135""","""Sea otters sleep while holding hands."""
"""136""","""Dogs sweat through their paws."""
"""137""","""Butterflies can taste food with their feet."""
"""138""","""Flamingos aren’t born pink."""
"""139""","""Your nose and ears never stop growing due to cartilage changes."""
"""140""","""The surface of the sun is around 10,000 degrees Fahrenheit."""
"""141""","""Male deer shed their antlers every year."""
"""142""","""Approximately one quarter of the bones in your body are in your feet."""
"""143""","""Horses and cows usually sleep standing up."""
"""144""","""There are more than one million different species of insects on the planet."""
"""145""","""Around 80 percent of orange cats are male."""
"""146""","""The world’s largest butterfly, Queen Alexandra’s birdwing, has a wingspan of around 10 inches."""
"""147""","""M&M's were the first candy that were eaten in space."""
"""148""","""Lions can sleep up to 21 hours in a day."""
"""149""","""Hot water freezes faster than cold water, known as the Mpemba effect"""
"""150""","""Dr Pepper was founded by a pharmacist in Waco, Texas, in 1885, making it the oldest big soft drink brand in the country."""
"""151""","""The world’s most expensive chess set, which includes diamonds and emeralds was commissioned by Great Britain’s Royale Jewel Company and is valued at more than $9.8 million."""
"""152""","""In the early 1900s, Jewish people were banned from visiting beaches and certain hotels near New York City, they settled in New York’s Catskills Mountains and built a thriving resorts region known as The Borscht Belt or Yiddish Alps."""
"""153""","""A cumulus cloud weighs an estimated 1.1 million pounds."""
"""154""","""Flamingos are pink from the high amounts of beta-carotene in their diets."""
"""155""","""In the Christmas Spectacular Starring the Radio City Rockettes, the individual dancers kick nearly 200 times per show."""
"""156""","""Research shows that in the days leading up to a full moon, people go to bed later and sleep less."""
"""157""","""It takes sunlight eight minutes and 20 seconds to travel from the sun to earth, but 1000,000 years to travel from the Sun’s care to its surface."""
"""158""","""The earliest evidence of humans eating oatmeal dates to more than 30,000 years ago."""
"""159""","""A shark can grow and lose up to 30,000 teeth in its lifetime."""
"""160""","""Alligators can live to be 80 years old."""
"""161""","""A hamster's teeth never stop growing."""
"""162""","""Some hummingbirds can weigh less than a penny."""
"""163""","""A group of jellyfish is called a smack."""
"""164""","""If you traveled at the speed of light, you could reach Pluto in four hours."""
"""165""","""A piece of cake more than 4,000 years old was found in a tomb in Egypt."""
"""166""","""97% of Earth's water is saltwater."""
"""167""","""You wouldn't be able to whistle on the moon."""
"""168""","""Venus is the hottest planet in our solar system."""
"""169""","""About a million Earths could fit inside the sun."""
"""170""","""In the open ocean, a tsunami can travel as fast as a jet plane."""
"""171""","""A tiger can eat more than 80 pounds of meat in one sitting."""
"""172""","""About ten thousand of the cells in your body could fit on the head of a pin."""
"""173""","""All of the blood in your body travels through your heart once a minute."""
"""174""","""Your eyes can see about ten million different colors."""
"""175""","""Halloween has been celebrated for about 2,000 years."""
"""176""","""A sneeze travels 100 miles an hour."""
"""177""","""From earth you always look at the same side of the moon."""
"""178""","""If you heat a diamond to 1405 Fahrenheit, it will turn into vapor."""
"""179""","""A sea turtle can weigh as much as a water buffalo."""
"""180""","""You can grow up to three inches taller in outer space."""
"""181""","""Six million pounds of space dust settles on Earth every year."""
"""182""","""There is no sound in space."""
"""183""","""Gravity pulls up, down and sideways at the center of the earth."""
"""184""","""The sun is 93 million miles away."""
"""185""","""Astronaut Neil Armstrong left his space boots on the moon."""
"""186""","""The brighter the star, the shorter its life span."""
"""187""","""Red rain has fallen in parts of Europe and Asia."""
"""188""","""On sunny days, the Eiffel Tower in Paris, France, leans towards the shade."""
"""189""","""A 95-mile-long underground river flows beneath Mexico."""
"""190""","""There are more tv sets in the United States than there are people in the United Kingdom."""
"""191""","""The Bahamas once had an undersea post office."""
"""192""","""You can compete in an underwater mountain bike race in Wales, United Kingdom."""
"""193""","""Russia and Alaska are only 2.4 miles apart at their closest point."""
"""194""","""The world's biggest flower found in the Indonesian rain forest can grow wider than a car tire."""
"""195""","""Bolts of lightning can shoot out of an erupting volcano."""
"""196""","""Dust from Africa can travel all the way to Florida."""
"""197""","""The Himalayan mountains grow a half inch taller each year."""
"""198""","""A church in the Czech Republic has a chandelier made of human bones."""
"""199""","""It's illegal to sell a haunted house in New York without telling the buyer."""
"""200""","""There is cell phone reception at the summit of Mount Everest."""
"""201""","""The world's largest mountain range is under the sea."""
"""202""","""A 100-pound person would weigh 38 pounds on Mars."""
"""203""","""If you fell into a black hole, you'd stretch out like spaghetti, a process known as spaghettification."""
"""204""","""Winter lasts for 21 years on Uranus."""
"""205""","""A storm on Neptune was as wide as the entire Earth."""
"""206""","""The planet Mercury is made mostly of iron."""
"""207""","""Earth's core is about the same size as the planet Mars."""
"""208""","""One year on Neptune lasts about 165 Earth years."""
"""209""","""Jupiter has 63 moons."""
"""210""","""Jupiter weighs twice as much as all the other planets in our solar system combined."""
"""211""","""At least 12 rocks from Mars have landed on Earth."""
"""212""","""On Neptune the wind blows up to 1,243 miles an hour."""
"""213""","""A clock runs faster on a tall mountain than at sea level."""
"""214""","""Iceland has earthquakes AND icequakes."""
"""215""","""It gets so cold in Siberia that your breath can turn to ice in midair."""
"""216""","""If Earth didn't tilt, we wouldn't have seasons."""
"""217""","""It's impossible for a person to sink in the Dead Sea."""
"""218""","""Rainbow colored grasshoppers live in the rain forests of Peru."""
"""219""","""The skin of a golden poison dart frog contains enough toxins to kill up to 100 people."""
"""220""","""A tropical ant can snap its jaws together at the speed of 145 miles an hour, faster than any other animal."""
"""221""","""The world's smallest mammal by weight is the bumblebee bat, weighing in at about 2 grams."""
"""222""","""The cornea is one of only two parts of the human body without blood vessels."""
"""223""","""A one-way trip on the Trans-Siberian Railway involves crossing 3,901 bridges."""
"""224""","""The Golden Girls was supposed to have a different theme song."""
"""225""","""There’s enough gold inside Earth to coat the planet."""
"""226""","""Cleveland was once the country’s fifth-largest city."""
"""227""","""Human beings can use only a small fraction of Earth’s water."""
"""228""","""Wally Amos is responsible for making more than just cookies famous."""
"""229""","""The brand name Spam is a combination of spice and ham."""
"""230""","""It takes a drop of water 90 days to travel the entire Mississippi River."""
"""231""","""Professional athletes used to perform in vaudeville during the off-season."""
"""232""","""The first time the word “period” was used on TV in reference to menstruation was 1985."""
"""233""","""Armadillo shells are bulletproof, to an extent, please don’t shoot armadillos."""
"""234""","""Humans have jumped farther than horses in the Olympics."""
"""235""","""Pigeon poop is the property of the British Crown."""
"""236""","""The first stroller was engineered to be pulled by a goat."""
"""237""","""May 20, 1873, is the birthday of blue jeans."""
"""238""","""Bananas are berries, but strawberries aren't."""
"""239""","""A day on Venus is longer than a year on Venus."""
"""240""","""It is impossible for most people to lick their own elbow."""
"""241""","""A crocodile cannot stick its tongue out."""
"""242""","""It is physically impossible for pigs to look up into the sky."""
"""243""","""The sixth sick sheik's sixth sheep's sick is believed to be the toughest tongue twister in the English language."""
"""244""","""If you sneeze too hard, you could fracture a rib."""
"""245""","""Wearing headphones for just an hour could increase the bacteria in your ear by 700 times."""
"""246""","""In the course of an average lifetime, while sleeping, you might eat around 70 assorted insects and 10 spiders, or more."""
"""247""","""Some lipsticks contain fish scales."""
"""248""","""Cat urine glows under a black-light."""
"""249""","""Rubber bands last longer when refrigerated."""
"""250""","""There are 293 ways to make change for a dollar."""
"""251""","""The average person's left hand does 56% of the typing."""
"""252""","""A shark is the only known fish that can blink with both eyes."""
"""253""","""The longest one-syllable words in the English language are scraunched and strengthed."""
"""254""","""Dreamt is the only English word that ends in the letters mt."""
"""255""","""Almonds are a member of the peach family."""
"""256""","""Maine is the only state that has a one-syllable name."""
"""257""","""There are more stars in the universe than grains of sand on all the Earth's beaches."""
"""258""","""Wombat poop is cube-shaped to prevent it from rolling away."""
"""259""","""The heart of a blue whale is as big as a small car."""
"""260""","""A day on Mars is just 37 minutes longer than a day on Earth."""
"""261""","""The human nose can detect over one trillion different scents."""
"""262""","""There are more fake flamingos in the world than real ones."""
"""263""","""The dot over the letters 'i'  and ‘j’ is called a tittle."""
"""264""","""Bananas glow blue under UV light."""
"""265""","""A bolt of lightning is five times hotter than the surface of the sun."""
"""266""","""Bubble wrap was originally invented to be used as wallpaper."""
"""267""","""Your stomach gets a new lining every 3 to 4 days to prevent digesting itself."""
"""268""","""The world's largest living organism is a mushroom in Oregon that spans over 2,300 acres."""
"""269""","""There are more public libraries in the U.S. than McDonald's restaurants."""
"""270""","""The first oranges weren’t orange—they were green."""
"""271""","""A single spaghetti noodle is called a spaghetto."""
"""272""","""Sloths can hold their breath longer than dolphins—up to 40 minutes."""
"""273""","""Cows have best friends and get stressed when they are separated."""
"""274""","""A small child could swim through the veins of a blue whale."""
"""275""","""The Empire State Building has its own zip code (10118)."""
"""276""","""Scotland has 421 words for snow."""
"""277""","""There's a species of jellyfish that can live forever by reverting to its juvenile state."""
"""278""","""A newborn kangaroo is only about the size of a jellybean."""
"""279""","""Turtles can breathe through their butts."""
"""280""","""There are more bacteria in your mouth than there are people on Earth."""
"""281""","""Rabbits can see behind them without turning their heads."""
"""282""","""Water makes different pouring sounds depending on its temperature."""
"""283""","""The longest hiccup spree lasted 68 years."""
"""284""","""Cows can sleep standing up but only dream when lying down."""
"""285""","""Mosquitoes are attracted to people who have just eaten bananas."""
"""286""","""There’s a fish that can climb trees (the mangrove killifish)."""
"""287""","""Coca-Cola would be green if coloring weren’t added."""
"""288""","""A group of flamingos is called a flamboyance."""
"""289""","""You share about 60% of your DNA with a banana."""
"""290""","""The inventor of the Frisbee was turned into a Frisbee after he died."""
"""291""","""A baby octopus is about the size of a flea when born."""
"""292""","""Walt Disney was afraid of mice."""
"""293""","""Giraffes only need about 30 minutes of sleep per day."""
"""294""","""You can’t burp in space because there’s no gravity to separate liquid from gas in your stomach."""
"""295""","""Snails can sleep for up to three years."""
"""296""","""The sound of Darth Vader’s breathing was made using a scuba tank."""
"""297""","""Banging your head against a wall burns 150 calories an hour (not recommended!)."""
"""298""","""The smell of freshly cut grass is actually a plant distress call."""
"""299""","""There’s a town in Norway where the sun doesn’t rise for two months."""
"""300""","""Octopuses can change the color and texture of their skin in less than a second."""
"""301""","""There's a species of fish that communicates by farting."""
"""302""","""Tardigrades, also known as water bears, can survive in space without any protection."""
"""303""","""There’s a hotel in Japan that has been operating for over 1,300 years."""
"""304""","""In Switzerland, it is illegal to own just one guinea pig because they get lonely."""
"""305""","""The smell of rain comes from bacteria, plant oils, and ozone, not the water itself."""
"""306""","""A jellyfish’s mouth is also its anus."""
"""307""","""An astronaut once smuggled a corned beef sandwich into space."""
"""308""","""Butterflies can see colors that humans can't.,"""
"""309""","""Bananas are naturally radioactive due to their potassium content."""
"""310""","""There’s a beach in the Maldives that glows at night due to bioluminescent plankton."""
"""311""","""Cats don’t taste sweetness because they lack the necessary taste receptors."""
"""312""","""Sharks existed before trees, they’ve been around for 400 million years."""
"""313""","""Some frogs can freeze solid in winter and thaw back to life in spring."""
"""314""","""There’s a hotel in Sweden made entirely of ice that is rebuilt every year."""
"""315""","""Scorpions glow under UV light."""
"""316""","""There's a species of fungus that can take over an ant's body and control its movements."""
"""317""","""There’s an island in Japan that is overrun with bunnies."""
"""318""","""The human body contains enough iron to make a small nail."""
"""319""","""Honey never spoils it has been found in ancient Egyptian tombs still edible."""
"""320""","""The inventor of the Pringles can is buried in one."""
"""321""","""The world’s quietest room, located in Microsoft’s lab, is so quiet you can hear your own heartbeat and blood flow."""
"""322""","""There's a lake in Australia that naturally turns bright pink."""
"""323""","""Penguins propose to their mates with a pebble."""
"""324""","""Lobsters pee out of their faces."""
"""325""","""A mantis shrimp can punch with the force of a bullet, 50 mph."""
"""326""","""The ‘M’s’ in M&M’s stand for Mars and Murrie, the creators of the candy."""
"""327""","""There’s an annual race in England where people chase a rolling wheel of cheese down a hill."""
"""328""","""You can hear a blue whale’s heartbeat from over two miles away."""
"""329""","""Giraffes have the same number of neck vertebrae as humans—seven."""
"""330""","""There’s a species of plant that plays dead when touched."""
"""331""","""The Eiffel Tower can grow taller in the summer due to heat expansion."""
"""332""","""Pineapples take about two years to grow."""
"""333""","""There’s a species of spider that keeps frogs as pets."""
"""334""","""You are more likely to be bitten by a New Yorker than a shark."""
"""335""","""The Guinness World Record for the longest hiccup spree lasted 68 years."""
"""336""","""There’s a town in Spain where people fight with tomatoes in an annual festival."""
"""337""","""There’s an island in Canada that is completely populated by wild horses."""
"""338""","""Octopuses lay 50,000 eggs at a time, but the mother starves herself to death while guarding them."""
"""339""","""There’s a vending machine in Japan that sells fresh eggs."""
"""340""","""There’s a species of ant that explodes when threatened."""
"""341""","""If you shuffle a deck of cards, it's likely in an order that has never existed before."""
"""342""","""Scotland has over 400 words for ‘snow.’"""
"""343""","""A town in Alaska has a cat for a mayor."""
"""344""","""The world’s largest snowflake was 15 inches wide."""
"""345""","""There’s a cave in Mexico filled with giant crystals taller than people."""
"""346""","""Sloths can turn their heads almost 270 degrees."""
"""347""","""A rainbow can actually form a full circle, but we usually see only half of it."""
"""348""","""There’s a bridge in Germany where squirrels have their own tiny crossing."""
"""349""","""Some fish can recognize themselves in a mirror."""
"""350""","""Pigeons can learn to recognize human faces."""
"""351""","""A jellybean’s shiny coating comes from insect secretions."""
"""352""","""There’s a species of fish that can climb trees."""
"""353""","""A woman once survived being hit by a meteorite while sitting on her couch."""
"""354""","""You are born with more bones than you have as an adult."""
"""355""","""A ‘jiffy’ is a real unit of time, meaning 1/100th of a second."""
"""356""","""Cats have a unique ‘vocabulary’ with their owners and meow differently for each person."""
"""357""","""An octopus can taste with its arms."""
"""358""","""The deepest part of the ocean is over seven miles deep."""
"""359""","""There’s a cave in Romania that has been isolated for 5.5 million years, creating unique lifeforms."""
"""360""","""Tigers have striped skin, not just striped fur."""
"""361""","""A group of porcupines is called a ‘prickle.’"""
"""362""","""There’s a type of fungus that glows in the dark."""
"""363""","""Some birds sleep while flying."""
"""364""","""A pig’s orgasm can last up to 30 minutes."""
"""365""","""There’s a species of lizard that can squirt blood from its eyes."""
"""366""","""There’s a theme park in Japan where you can drive real Mario Kart-style go-karts."""
"""367""","""Snakes can sense heat with their tongues."""
"""368""","""A lake in Africa erupts in flaming explosions due to trapped gases."""
"""369""","""Some cats are allergic to humans."""
"""370""","""You can grow new brain cells at any age."""
"""371""","""Hummingbirds are the only birds that can fly backward."""
"""372""","""There’s an underground city in Australia where people live to escape extreme heat."""
"""373""","""There's a town in the U.S. where it's illegal to dance without a permit."""
"""374""","""Some frogs can see in two directions at once."""
"""375""","""There’s a book bound in human skin in Harvard’s library."""
"""376""","""A group of ferrets is called a ‘business.’"""
"""377""","""There’s a type of moth that drinks the tears of sleeping birds."""
"""378""","""Dogs’ wet noses help them absorb scent chemicals."""
"""379""","""A blob of toothpaste is called a ‘nurdle.’"""
"""380""","""Some crabs use jellyfish as shields."""
"""381""","""There's a town in Canada that hosts an annual bathtub racing championship."""
"""382""","""Jellyfish have survived five mass extinctions."""
"""383""","""The fingerprints of a koala are nearly indistinguishable from those of a human."""
"""384""","""A moonbow is a rainbow that appears at night due to moonlight."""
"""385""","""There's a hotel in Finland that is made entirely out of snow and ice."""
"""386""","""The national sport of Bhutan is archery."""
"""387""","""Vending machines kill more people annually than sharks do."""
"""388""","""Cows have regional accents based on the sounds around them."""
"""389""","""The longest bout of hiccups lasted 68 years."""
"""390""","""There's a species of jellyfish that glows in the dark to scare predators."""
"""391""","""The world's smallest reptile was discovered in 2021‚ it can sit on a fingertip."""
"""392""","""There are hot pink slugs that live on a single mountaintop in Australia."""
"""393""","""There's an ancient Roman concrete recipe that is stronger than modern concrete."""
"""394""","""A goat once served as a mascot and official corporal in the Canadian military."""
"""395""","""A cloudberry looks like an orange raspberry and is only found in the Arctic."""
"""396""","""The deepest cave in the world is over 7,000 feet deep."""
"""397""","""There's a type of orchid that mimics a female bee to attract male bees for pollination."""
"""398""","""There's a natural underwater waterfall in Mauritius."""
"""399""","""The sound of a duck's quack does echo, despite myths saying otherwise."""
"""400""","""An octopus has neurons in its arms that allow them to react independently."""
"""401""","""There's an island in Japan completely overrun by cats."""
"""402""","""Some frogs give birth through their mouths."""
"""403""","""The Great Wall of China is not visible from space with the naked eye."""
"""404""","""Polar bears overheat more often than they get too cold."""
"""405""","""The smell of vanilla can help reduce stress and anxiety."""
"""406""","""Lightning can strike the same place multiple times‚ especially tall buildings."""
"""407""","""A specific type of snail can survive being digested by birds and emerge alive."""
"""408""","""The Apollo 11 astronauts had to go through customs when returning from the moon."""
"""409""","""The first recorded Yo Mama joke is over 3,500 years old."""
"""410""","""There's a species of lizard that can run on water."""
"""411""","""A single bolt of lightning contains enough energy to toast 100,000 slices of bread."""
"""412""","""Coconut water can be used as an emergency substitute for blood plasma."""
"""413""","""There’s a species of wasp that turns cockroaches into zombies."""
"""414""","""One teaspoon of honey is the life's work of 12 bees."""
"""415""","""There's a library in Scotland that lets you borrow people instead of books to hear their stories."""
"""416""","""A woman once woke up to find a meteorite on her pillow."""
"""417""","""The largest known living organism is a giant fungus in Oregon."""
"""418""","""There's a lake in Tanzania that naturally mummifies animals that fall into it."""
"""419""","""There's a jellyfish that looks like a glowing UFO in the deep sea."""
"""420""","""There's a species of ant that can shrink its brain and regrow it later."""
"""421""","""A swarm of 20,000 bees once followed a car for two days to rescue their queen."""
"""422""","""The Apollo 11 astronauts had to sign life insurance policies as souvenirs in case they died."""
"""423""","""A cat once inherited $13 million from its owner."""
"""424""","""Some turtles can sleep underwater for up to seven hours."""
"""425""","""Some fireflies synchronize their flashes in massive displays."""
"""426""","""The world's oldest continuously operating restaurant opened in 1725."""
"""427""","""There's a pink lake in Australia due to unique algae."""
"""428""","""The longest time between two twins being born was 87 days."""
"""429""","""There's a type of bird that can mimic chainsaws and car alarms."""
"""430""","""A Viking sword was found so well-preserved it was still sharp after 1,000 years."""
"""431""","""There are more tigers in captivity in the U.S. than in the wild worldwide."""
"""432""","""The most overdue library book was returned 288 years late."""
"""433""","""A sea cucumber can eject its organs as a defense mechanism."""
"""434""","""You can hear snapping shrimp crack their claws at 200 decibels underwater."""
"""435""","""The Leaning Tower of Pisa took over 199 years to build."""
"""436""","""There's a species of jellyfish that regenerates itself after death."""
"""437""","""A rainbow that appears at sunset is called a sundog."""
"""438""","""There's a type of fungus that glows so brightly it was used as torches in the past."""
"""439""","""The world's smallest dog breed, the Chihuahua, is descended from a larger ancient breed."""
"""440""","""A baby porcupine is called a porcupette."""
"""441""","""There are trees that bleed red sap, making them look like they're bleeding."""
"""442""","""There's a species of fish that looks like an alien with a transparent head."""
"""443""","""A brood parasite is a bird that tricks others into raising its young."""
"""444""","""There's an island in the Philippines where residents have their own distinct whistling language."""
"""445""","""Some octopuses build 'gardens' by collecting shells and rocks."""
"""446""","""A peanut is not a nut; it's a legume."""
"""447""","""The longest marathon playing a video game lasted over 35 hours."""
"""448""","""There's a record for the most people dressed as penguins at one time."""
"""449""","""Giraffe tongues are dark purple to avoid sunburn."""
"""450""","""The Eiffel Tower shrinks in cold weather."""
"""451""","""A full NASA spacesuit costs about $12 million to make."""
"""452""","""Jellyfish have been around longer than dinosaurs."""
"""453""","""There's a type of fish that walks on land for short distances."""
"""454""","""A shrimp's brain is in its throat."""
"""455""","""Birds are actually direct descendants of dinosaurs."""
"""456""","""Some ants farm their own food by growing fungus."""
"""457""","""There's a type of coral that looks exactly like a human brain."""
"""458""","""A black hole the size of a coin would weigh as much as the Earth."""
"""459""","""There's a type of sea slug that can photosynthesize like a plant."""
"""460""","""The human brain generates enough electricity to power a small light bulb."""
"""461""","""There's an ancient tree in Sweden that’s over 9,500 years old."""
"""462""","""A glacier in Antarctica is called Blood Falls because of its red-colored water."""
"""463""","""The loudest recorded sound was the Krakatoa volcanic eruption in 1883."""
"""464""","""A moonquake is an earthquake that happens on the moon caused by tidal forces and temperature changes."""
"""465""","""There's a spot in Canada where gravity is weaker than normal."""
"""466""","""There's a medieval village in Spain that only has one resident."""
"""467""","""A jellyfish's body is 95% water."""
"""468""","""The world's largest snow maze is in Canada and covers over two acres."""
"""469""","""There's a place in the ocean where two different-colored bodies of water meet but don't mix."""
"""470""","""Some spiders use their silk to surf across water."""
"""471""","""The hyoid bone in your throat is the only bone not connected to another bone."""
"""472""","""A group of crows is called a murder**, and they hold funerals for dead crows."""
"""473""","""Jupiter’s moon Io has active volcanoes erupting sulfur into space."""
"""474""","""Neutron stars are so dense that a teaspoon of their material weighs 10 million tons."""
"""475""","""Saturn’s rings are made of ice and rock chunks as small as a grain of sand."""
"""476""","""The 335 Years’ War between the Netherlands and the Isles of Scilly ended in 1986—with no casualties."""
"""477""","""The Sun’s core (27 million °F) is hotter than its surface (~10,000°F)."""
"""478""","""You lose about 4kg (8.8lbs) of skin cells in your lifetime."""
"""479""","""Your brain uses 20% of your body’s energy but only weighs 2% of your body mass."""
"""480""","""Babies have 300 bones at birth (adults have 206 due to fusion)."""
"""481""","""You produce enough saliva in a lifetime to fill two swimming pools."""
"""482""","""Cleopatra lived closer to the invention of the iPhone than the building of the Great Pyramid."""
"""483""","""Albert Einstein’s eyes are stored in a safe in New York City."""
"""484""","""Napoleon was once attacked by rabbits during a celebratory hunt."""
"""485""","""The Dancing Plague of 1518 saw hundreds of people dance uncontrollably for days."""
"""486""","""The first computer virus was created in 1983 and called Elk Cloner."""
"""487""","""The Leaning Tower of Pisa was once straight; it began tilting during construction."""
"""488""","""Ancient Romans used urine to whiten teeth and launder clothes."""
"""489""","""Elephants can hear with their feet, detecting seismic signals."""
"""490""","""Male seahorses give birth to up to 2,000 babies at once."""
"""491""","""Pistol shrimp snap their claws so fast they create underwater bubbles hotter than the Sun."""
"""492""","""Axolotls can regenerate entire limbs, spinal cords, and even parts of their brains."""
"""493""","""The corpse flower, Amorphophallus titanum, smells like rotting flesh to attract pollinators."""
"""494""","""Some fungi create zombie ants by hijacking their nervous systems and can control their movements."""
"""495""","""Carrots were originally purple, not orange, bred by the Dutch in the 17th century."""
"""496""","""Strawberries have an average of 200 seeds on their outer skin."""
"""497""","""The world's most expensive coffee, Kopi Luwak, comes from coffee beans eaten and excreted by the Asian palm civet."""
"""498""","""Hawaiian pizza was invented in Canada, not Hawaii."""
"""499""","""Apples float because they’re 25% air."""
"""500""","""Canada has the world’s longest coastline, 202,080 km / 125,567 miles."""
"""501""","""Istanbul is the only city spanning two continents between Europe and Asia."""
"""502""","""The Sahara Desert expands by about 0.8 kilometers per month."""
"""503""","""Denmark’s Happy Law requires employers to pay for employees’ vacations."""
"""504""","""The Philippines has over 7,600 islands, but only 2,000 are inhabited."""
"""505""","""Greenland sharks can live up to 500 years, making them the longest-living vertebrates."""
"""506""","""There’s a town in Norway called Longyearbyen where dying is illegal due to permafrost."""
"""507""","""The Door to Hell in Turkmenistan is a gas crater that’s been burning since 1971.  """
"""508""","""Antarctica is the largest desert on Earth measuring 5.5 million sq mi."""
"""509""","""Wi-Fi was invented by an actress named Hedy Lamarr who also pioneered frequency-hopping tech."""
"""510""","""The first webcam monitored a coffee pot at Cambridge University (1991)."""
"""511""","""The @ symbol is over 500 years old, first used by Venetian merchants."""
"""512""","""The first YouTube video was uploaded in 2005 and titled Me at the Zoo."""
"""513""","""QWERTY keyboards were designed to slow down typists to prevent jamming."""
"""514""","""The first computer mouse was made of wood in 1964."""
"""515""","""A single Google search uses as much energy as lighting a 60W bulb for 17 seconds."""
"""516""","""The 404-error code is named after Room 404 at CERN, where the first web servers were hosted."""
"""517""","""The first video game called Tennis for Two was created in 1958."""
"""518""","""The Like button was almost called the Awesome button."""
"""519""","""Lightning strikes the Empire State Building about 23 times per year."""
"""520""","""A blue moon refers to the second full moon in a calendar month."""
"""521""","""The Wilhelm Scream, a stock sound effect, has been used in over 400 films."""
"""522""","""Mr. Clean’s first name is Veritably."""
"""523""","""Spider-Man co-creator Stan Lee made cameos in every Marvel movie until his death."""
"""524""","""The Friends fountain intro cost $250,000 to film."""
"""525""","""The I ❤ NY logo was designed in 1977 by Milton Glaser for free."""
"""526""","""Male platypuses are venomous—they have spurs on their hind legs that deliver a painful toxin."""
"""527""","""A single strand of spider silk is stronger than steel of the same thickness."""
"""528""","""Pineapples were once so rare in Europe that people rented them as party decorations."""
"""529""","""Sloths can starve to death on a full stomach because their digestion is slower than their metabolism."""
"""530""","""The world’s smallest reptile is a chameleon the size of a sunflower seed."""
"""531""","""Octopuses can edit their RNA to adapt to temperature changes."""
"""532""","""The blood of horseshoe crabs is blue and used to test vaccines for bacterial contamination."""
"""533""","""Saturn’s moon Titan has liquid methane lakes and rivers."""
"""534""","""The Moon is moving away from Earth at 1.5 inches (3.8 cm) per year."""
"""535""","""Venus’s clouds contain traces of phosphine, a gas linked to potential microbial life."""
"""536""","""Black holes can sing—the Perseus cluster emits sound waves 57 octaves below middle C."""
"""537""","""Neptune’s moon Triton, orbits backward compared to the planet’s rotation."""
"""538""","""The Milky Way smells like rum and tastes like raspberries."""
"""539""","""There’s a planet called HD 189733 b, where it rains molten glass sideways."""
"""540""","""The Sun makes up 99.86% of the solar system’s mass."""
"""541""","""Uranus rotates on its side, likely due to a collision with an Earth-sized object."""
"""542""","""Your fingernails grow faster on your dominant hand."""
"""543""","""Humans glow in the dark—we emit bioluminescence, but it’s 1,000 times weaker than our eyes can detect."""
"""544""","""Your left lung is smaller than your right lung to make room for your heart."""
"""545""","""Your DNA is 98% identical to a chimpanzee’s."""
"""546""","""You produce about 1.5 liters of mucus daily."""
"""547""","""Your taste buds regenerate every 10–14 days."""
"""548""","""The Great Pyramid of Giza was originally covered in polished white limestone."""
"""549""","""Ancient Egyptians slept on stone pillows."""
"""550""","""The first recorded labor strike occurred in Egypt in 1170 BCE when workers protested unpaid wages."""
"""551""","""The shortest-reigning monarch ruled for 20 minutes (King Louis XIX of France)."""
"""552""","""The first car accident occurred in 1891 in Ohio."""
"""553""","""The first email was sent in 1971 with the subject “QWERTYUIOP”."""
"""554""","""The “@” symbol was once called a commercial a and dates to medieval monks."""
"""555""","""The “War of the Stray Dog” in 1925 started when a Greek soldier chased his dog into Bulgaria."""
"""556""","""Female hyenas have pseudo-penises and give birth through them."""
"""557""","""Crows hold grudges and can recognize human faces for years."""
"""558""","""A narwhal’s tusk is actually an overgrown tooth with 10 million nerve endings."""
"""559""","""The “corpse lily” is the world’s largest flower and smells like rotting meat."""
"""560""","""Male seahorses are the only animals where males get pregnant."""
"""561""","""The platypus has 10 sex chromosomes; most mammals have 2."""
"""562""","""The world’s most expensive spice is saffron which comes from the crocus flowers."""
"""563""","""Apples, peaches, and raspberries are all members of the rose family."""
"""564""","""The “Pizza Principle” states that in NYC, a slice of pizza costs the same as a subway ride."""
"""565""","""The world’s oldest cheese was 3,200 years old and found in an Egyptian tomb."""
"""566""","""The “Mona Lisa” has her own mailbox at the Louvre for fan letters."""
"""567""","""The “Happy Meal” was invented in Guatemala in 1977."""
"""568""","""Canada has more lakes than the rest of the world combined."""
"""569""","""Istanbul’s Hagia Sophia has been a church, mosque, and museum."""
"""570""","""The shortest commercial flight in the world is only 57 seconds long, from Westray to Papa Westray in the Orkney Islands, Scotland."""
"""571""","""Beavers can hold their breath for up to 15 minutes underwater."""
"""572""","""The world's oldest known musical instrument is a 40,000-year-old flute made from a bird bone, found in Germany."""
"""573""","""There's a species of beetle named after Adolf Hitler, called Anophthalmus hitleri, due to its resemblance to his mustache."""
"""574""","""The inventor of the Etch A Sketch, André Cassagnes, was an electrician who accidentally created the toy while fixing a broken light switch."""
"""575""","""The largest known star, UY Scuti, is about 1,700 times wider than our sun."""
"""576""","""In Japan, there's a unique museum dedicated solely to instant ramen noodles."""
"""577""","""The word nerd was first coined by Dr. Seuss in his 1950 book, If I Ran the Zoo."""
"""578""","""The world's oldest known customer complaint was written on a clay tablet in Mesopotamia 4,000 years ago."""
"""579""","""The longest place name still in use is Taumatawhakatangihangakoauauotamateapokaiwhenuakitanatahu, a hill in New Zealand with 85 letters."""
"""580""","""The world's deepest post office is located in Susa, Turkey, at a depth of 70 meters underground."""
"""581""","""The “hum” in a refrigerator is not the motor but the sound of the coolant flowing through the coils."""
"""582""","""There’s an island in Japan called Okun Oshima, known as Rabbit Island, where hundreds of bunnies roam freely."""
"""583""","""Kangaroos can't walk backwards, which is why they're on the Australian coat of arms symbolizing forward movement."""
"""584""","""The longest place name in the UK is Llanfair­pwllgwyngyll­gogery­chwyrn­drobwll­llan­tysilio­gogo­goch, with 58 letters."""
"""585""","""The word quarantine comes from the Italian quaranta giorni, meaning 40 days, the period ships were isolated during the Black Death."""
"""586""","""The longest tunnel in the world is the Gotthard Base Tunnel in Switzerland, stretching 35.4 miles or 57 kilometers."""
"""587""","""The world's oldest known bridge is the Arkadiko Bridge in Greece, dating back to 1300–1200 BC."""
"""588""","""There is a museum in Iceland dedicated to penises, called the Icelandic Phallological Museum."""
"""589""","""The world's deepest hotel is the Grand Hotel Abyss, located 1,375 feet below the surface in Poland's Wieliczka Salt Mine."""
"""590""","""The longest human fingernails on record belonged to Lee Redmond, with a total length of 28 feet, 4.5 inches 8.65 meters (8.65 meters) before she lost them in a car accident."""
"""591""","""The world's oldest known shoes are 5,500-year-old sandals found in a cave in Armenia."""
"""592""","""The tallest tree in the world is Hyperion, a coast redwood in California, standing at 379.7 feet (115.7 meters)."""
"""593""","""There's a museum in Belgium dedicated solely to fries, celebrating the country's love for this dish."""
"""594""","""The slowest mammal on Earth is the sloth, moving at a speed of about 0.15 miles per hour."""
"""595""","""A group of rhinos is called a crash."""
"""596""","""Elephants are the only animals that can't jump."""
"""597""","""The world's oldest dog lived to be 31 years and 165 days old."""
"""598""","""There's a species of mushroom that glows in the dark, known as the ghost fungus."""
"""599""","""The loudest animal in the world is the blue whale; their calls can be heard hundreds of miles away."""
"""600""","""Some species of bamboo can grow up to 91 cm (3 feet) in just one day."""
"""601""","""The longest recorded flight of a chicken was 13 seconds."""
"""602""","""Seahorses are the only fish that swim upright."""
"""603""","""Humans shed about 600,000 particles of skin every hour."""
"""604""","""The human body has enough fat to make seven bars of soap."""
"""605""","""The average person walks the equivalent of three times around the Earth in their lifetime."""
"""606""","""Your brain operates on the same amount of power as a 10-watt light bulb."""
"""607""","""There's a muscle in your eye called the ciliary muscle; it's used for focusing the lens."""
"""608""","""Humans are the only animals with chins."""
"""609""","""Your heart beats over 100,000 times a day."""
"""610""","""Every minute, your body sheds about 30,000 to 40,000 dead skin cells."""
"""611""","""The first computer programmer was Ada Lovelace, daughter of Lord Byron."""
"""612""","""The Earth's rotation is gradually slowing down, which means our days are getting longer."""
"""613""","""The first recorded use of the decimal point was in 1593 by Flemish mathematician Simon Stevin."""
"""614""","""The first smartphone was invented in 1992 by IBM, called the Simon Personal Communicator."""
"""615""","""The oldest known musical notation was found in Iraq, dating back to 2,000 BC."""
"""616""","""The Viking word for skull was skalli, which is where we get the word skull."""
"""617""","""The oldest known lipstick was found on the lips of a Sumerian woman who lived 5,000 years ago."""
"""618""","""The first known use of the term OK was in 1839, believed to stand for oll korrect, a humorous misspelling of all correct."""
"""619""","""There's a place in Canada called Flin Flon, named after a fictional character in a science fiction novel."""
"""620""","""The island nation of Tuvalu is the world's fourth smallest country, with an area of just 26 square kilometers."""
"""621""","""There's a lake in Tanzania called Lake Natron, known for turning animals into stone statues due to its high alkalinity."""
"""622""","""The coldest temperature ever recorded on Earth was -128.6 degrees Fahrenheit (-89.2 degrees Celsius) at Vostok Station, Antarctica."""
"""623""","""The city of Oymyakon in Russia is known as the Pole of Cold with a record low of -96.2°F (-71.2°C)."""
"""624""","""The popsicle was invented by an 11-year-old boy named Frank Epperson in 1905."""
"""625""","""Honey is the only food that includes all the substances necessary to sustain life, including enzymes, minerals, water, and pollen."""
"""626""","""The world's oldest known recipe is for beer, found on a Sumerian tablet from around 3400 BC."""
"""627""","""The average person in the U.S. consumes about 22 teaspoons of added sugar a day."""
"""628""","""There's a type of cheese in Sardinia, Italy, called Casu Marzu, which is fermented with live insect larvae for flavor."""
"""629""","""The world's most stolen food is cheese, with an estimated $90 million worth of cheese stolen annually in the EU."""
"""630""","""Bubble gum was invented during the Civil War by a man named Thomas Adams, who was trying to create a synthetic rubber."""
"""631""","""The first known use of chocolate was by the ancient Maya civilization, used in ceremonial drinks."""
"""632""","""Sharks don’t have bones; their skeletons are made of cartilage."""
"""633""","""The largest volcano in the solar system, Olympus Mons, is on Mars."""
"""634""","""There's an island in Canada that has more bears than people."""
"""635""","""The letter E is the most commonly used letter in the English language."""
"""636""","""Ancient Romans used crushed mouse brains as toothpaste."""
"""637""","""There's a pink sand beach in the Bahamas due to crushed coral."""
"""638""","""The longest-living land animal is a 507-year-old clam named Ming."""
"""639""","""A jellyfish’s mouth also serves as its anus."""
"""640""","""The longest time someone spent in space is 437 days."""
"""641""","""A group of hippos is called a bloat."""
"""642""","""A cat’s purr has been shown to promote bone healing."""
"""643""","""There's a species of ant that explodes when attacked."""
"""644""","""There's a lake in Africa that turns animals into stone due to its chemical properties."""
"""645""","""Elephants can hear with their feet by detecting vibrations in the ground."""
"""646""","""Polar bears have black skin under their white fur."""
"""647""","""Ancient Egyptians used honey as an antibiotic."""
"""648""","""Your tongue has a unique print, just like fingerprints."""
"""649""","""The moon has moonquakes, similar to earthquakes."""
"""650""","""A person swallows about a liter of saliva per day."""
"""651""","""The Sahara Desert was once a lush, green rainforest."""
"""652""","""There's a parasite that takes over a fish’s tongue and replaces it."""
"""653""","""The world's smallest reptile was discovered in 2021 and fits on a fingertip."""
"""654""","""The first recorded use of a vending machine was in ancient Egypt."""
"""655""","""The only letter not appearing in the periodic table is J."""
"""656""","""There's a lake in Australia that is bright pink due to algae."""
"""657""","""Octopuses can taste with their arms."""
"""658""","""Water can boil and freeze at the same time under certain conditions."""
"""659""","""There's a tiny island between Russia and the U.S. where the time difference is nearly 24 hours."""
"""660""","""Your body produces enough heat in 30 minutes to boil a liter of water."""
"""661""","""The Earth’s rotation is gradually slowing down."""
"""662""","""There's a town in Spain where people fight with tomatoes every year."""
"""663""","""A town in Norway experiences two months of darkness in winter."""
"""664""","""Your brain generates enough electricity to power a small lightbulb."""
"""665""","""Sloths can hold their breath longer than dolphins."""
"""666""","""There are more trees on Earth than stars in the Milky Way."""
"""667""","""Birds don’t urinate like mammals; they excrete waste as uric acid."""
"""668""","""Some mushrooms can glow in the dark."""
"""669""","""A watermelon isn’t actually a fruit—it’s a berry."""
"""670""","""An ostrich’s eye is larger than its brain."""
"""671""","""A piece of neutron star the size of a sugar cube would weigh billions of tons."""
"""672""","""There's a species of fish that can walk on land."""
"""673""","""The surface of Mars is covered in rust, which is why it appears red."""
"""674""","""The world's quietest room is so silent that you can hear your own blood flow."""
"""675""","""There's an animal that can survive in space without any protection (the tardigrade)."""
"""676""","""Kangaroos can't walk backward."""
"""677""","""Dolphins have names for each other."""
"""678""","""Bees can recognize human faces."""
"""679""","""The world’s deepest postbox is in Japan, 10 meters underwater."""
"""680""","""There's a fungus that can take control of an ant’s brain."""
"""681""","""A blue whale’s tongue weighs as much as an elephant."""
"""682""","""The world’s smallest frog is smaller than a dime."""
"""683""","""An octopus can fit through a hole the size of a coin."""
"""684""","""A sneeze can travel up to 100 miles per hour."""
"""685""","""There’s an island in Japan overrun by rabbits."""
"""686""","""Earth has a second mini-moon orbiting it."""
"""687""","""An astronaut’s height can increase by up to 2 inches in space."""
"""688""","""A group of crows is called a murder."""
"""689""","""A neutron star spins so fast it can complete hundreds of rotations per second."""
"""690""","""The first email ever sent was QWERTYUIOP."""
"""691""","""Albert Einstein’s eyes are kept in a safe in New York."""
"""692""","""Napoleon was once attacked by rabbits."""
"""693""","""The dancing plague of 1518 caused people to dance uncontrollably for days."""
"""694""","""There's a volcano that continuously erupts in Antarctica."""
"""695""","""A bird called the lyrebird can mimic chainsaws and car alarms."""
"""696""","""Venus rotates in the opposite direction of most planets."""
"""697""","""There's an underground river beneath the Amazon River."""
"""698""","""The smell of vanilla reduces stress."""
"""699""","""A narwhal’s tusk is actually a giant tooth."""
"""700""","""The world’s smallest mammal is the bumblebee bat, weighing less than a penny."""
"""701""","""Octopuses have nine brains—one central brain and a mini-brain in each arm."""
"""702""","""Bananas share about 60% of their DNA with humans."""
"""703""","""There’s a species of mushroom that glows in the dark."""
"""704""","""There's a species of ant that explodes to protect its colony."""
"""705""","""Water can boil and freeze at the same time in a phenomenon called the triple point."""
"""706""","""The longest time between twin births is 87 days."""
"""707""","""The first recorded use of the word “nerd” was in a Dr. Seuss book."""
"""708""","""There's an island in Japan where hundreds of rabbits roam freely."""
"""709""","""Horses have the largest eyes of any land mammal."""
"""710""","""It rains diamonds on Saturn and Jupiter."""
"""711""","""The first computer virus was created in 1983."""
"""712""","""Sharks existed before trees."""
"""713""","""A blue whale’s heart is the size of a small car."""
"""714""","""There's a species of fungus that controls the minds of ants."""
"""715""","""The shortest commercial flight in the world lasts just 57 seconds."""
"""716""","""There's a species of fish that can walk on land for short distances."""
"""717""","""Goosebumps evolved to make our ancestors look bigger to predators."""
"""718""","""The world's oldest unopened bottle of wine dates back to around 325 AD."""
"""719""","""There's a type of frog that gives birth through its mouth."""
"""720""","""The coldest inhabited place on Earth is Oymyakon, Russia, where temperatures reach -96F."""
"""721""","""Jellyfish existed before dinosaurs and have been around for over 500 million years."""
"""722""","""The Guinness World Record for the longest echo lasted 112 seconds in an abandoned oil tank."""
"""723""","""Watermelons were once so rare in Japan that they were used as gifts for samurai."""
"""724""","""There's a hotel in Canada where everything, including the beds, is made of ice."""
"""725""","""A town in Alaska experiences 65 consecutive days of darkness every winter."""
"""726""","""The first recorded musical instrument is a 40,000-year-old flute made of bird bone."""
"""727""","""An ancient Greek device called the Antikythera Mechanism is considered the world's first computer."""
"""728""","""There's a kind of fish that can produce sounds similar to a human fart to communicate."""
"""729""","""A single gram of DNA can store about 215 petabytes of data."""
"""730""","""Wombats are the only animals that produce cube-shaped poop."""
"""731""","""There's a village in the Netherlands designed specifically for people with dementia."""
"""732""","""The fastest land snake in the world is the black mamba, reaching speeds up to 12.5 mph."""
"""733""","""In 1518, a 'dancing plague' caused hundreds of people to dance uncontrollably for weeks."""
"""734""","""Sharks have been around longer than trees‚ over 400 million years."""
"""735""","""There's an underwater waterfall illusion off the coast of Mauritius."""
"""736""","""The world's largest pumpkin weighed over 2,700 pounds."""
"""737""","""Bananas are naturally slightly radioactive due to potassium-40."""
"""738""","""Some sea cucumbers defend themselves by ejecting their internal organs out of their body."""
"""739""","""There's a bridge in Germany built specifically for squirrels to cross safely."""
"""740""","""Scientists have discovered an exoplanet that may be entirely covered in water."""
"""741""","""An extinct species of penguin stood over 6 feet tall and weighed 250 pounds."""
"""742""","""In Iceland, you can see the Northern Lights and geysers at the same time."""
"""743""","""A sea slug can absorb chloroplasts from algae and photosynthesize like a plant."""
"""744""","""There's a man-made saltwater lake in Bolivia that reflects the sky like a mirror."""
"""745""","""In 2012, NASA detected a 'heartbeat' signal from the Voyager 1 spacecraft in deep space."""
"""746""","""A man once survived two atomic bomb explosions‚ Hiroshima and Nagasaki."""
"""747""","""A newborn panda is smaller than a stick of butter."""
"""748""","""There's an underground lake in Namibia that has never been fully explored."""
"""749""","""The oldest tree on Earth, named Methuselah, is over 4,800 years old."""
"""750""","""Venus is the only planet in the solar system that rotates clockwise."""
"""751""","""There's an island in Japan where cats outnumber people six to one."""
"""752""","""An octopus has three hearts, and its blood is blue due to copper-rich hemocyanin."""
"""753""","""Some species of spiders use static electricity to 'fly' through the air."""
"""754""","""The world's smallest mammal, the bumblebee bat, weighs less than a dime."""
"""755""","""There's an ancient species of fish called the coelacanth, once thought to be extinct for 66 million years."""
"""756""","""During World War II, British soldiers used homing pigeons to send secret messages."""
"""757""","""There's a fungus that eats radiation and thrives inside nuclear reactors."""
"""758""","""The world's largest snow maze is in Canada, covering over two acres."""
"""759""","""A town in Norway has built giant mirrors to reflect sunlight into dark valleys."""
"""760""","""A single lightning bolt can contain over a billion joules of energy."""
"""761""","""There's a museum in Italy dedicated entirely to failed inventions."""
"""762""","""A 95-mile-long underground river flows beneath the Amazon River."""
"""763""","""There's an island in the Pacific that is entirely covered in crabs."""
"""764""","""There's a lake in Africa that releases deadly carbon dioxide gas, suffocating everything nearby."""
"""765""","""A kangaroo can't move its hind legs independently while walking."""
"""766""","""There's a cave in Romania that has been sealed off from the outside world for over five million years."""
"""767""","""Scientists have discovered a lake beneath Antarctica that has been isolated for 15 million years."""
"""768""","""A species of fish can shoot down insects with water jets from its mouth."""
"""769""","""The word 'alphabet' comes from the first two letters of the Greek alphabet: alpha and beta."""
"""770""","""There's a type of coral that can glow neon green under ultraviolet light."""
"""771""","""There's a real-life 'Hobbit' species of ancient humans that once lived in Indonesia."""
"""772""","""There's an entire desert in Namibia that is gradually being overtaken by sand dunes."""
"""773""","""The world's most isolated tree, in the middle of the Sahara, was knocked down by a drunk driver."""
"""774""","""There's a river in Canada that disappears underground for part of its journey."""
"""775""","""The world's oldest known cave painting is over 40,000 years old."""
"""776""","""Some parrots can live to be over 80 years old."""
"""777""","""The world's longest-living vertebrate is the Greenland shark, which can live over 500 years."""
"""778""","""There's a museum in Sweden where you can taste the world's worst-smelling foods."""
"""779""","""Some birds can see ultraviolet light, which is invisible to humans."""
"""780""","""A flea can accelerate faster than a space shuttle at launch."""
"""781""","""The largest bony fish in the world, the ocean sunfish, can weigh over 5,000 pounds."""
"""782""","""There's a natural blue hole in the ocean that is over 1,000 feet deep."""
"""783""","""There's a type of bird that builds elaborate, decorated nests to attract mates."""
"""784""","""Some deep-sea fish have completely transparent heads."""
"""785""","""In Japan, you can buy square-shaped watermelons."""
"""786""","""There's an entire town in Pennsylvania that has been burning underground since 1962."""
"""787""","""A specific type of lizard can shoot blood out of its eyes as a defense mechanism."""
"""788""","""There's a small island in Australia where wild horses run free."""
"""789""","""There's a deep-sea octopus that guards its eggs for over four years."""
"""790""","""Some types of moss can absorb radiation and help clean the environment."""
"""791""","""An extinct giant armadillo-like creature called the glyptodon was the size of a small car."""
"""792""","""There's a fungus that turns cicadas into zombies by eating their insides and controlling them."""
"""793""","""There's a species of worm that can regrow its entire body from just a fragment."""
"""794""","""A lake in Siberia is home to freshwater seals, an extremely rare phenomenon."""
"""795""","""There's a meteorite that crashed in 1492 that is still displayed in a museum today."""
"""796""","""A tiny island between Russia and the U.S. has a 21-hour time difference between its two sides."""
"""797""","""Some scientists believe octopuses may have evolved from an ancient alien-like ancestor."""
"""798""","""There's a rare type of cloud that glows at night, called noctilucent clouds."""
"""799""","""The first-ever recorded solar eclipse was documented in 2134 BC in China."""
"""800""","""Some bacteria can live for millions of years in ice and return to life when thawed."""
"""801""","""The planet Uranus spins on its side, unlike any other planet in the solar system."""
"""802""","""There's a location in Canada where gravity is weaker than normal."""
"""803""","""A rare jellyfish species can create light signals to communicate in the deep sea."""
"""804""","""A prehistoric shark called Megalodon had teeth the size of human hands."""
"""805""","""A neutron star is so dense that a sugar-cube-sized portion would weigh billions of tons."""
"""806""","""A type of lizard can run on water and is known as the 'Jesus Lizard.'"""
"""807""","""Some plants can produce their own natural antifreeze to survive extreme cold."""
"""808""","""The Sahara Desert was once covered with lush forests and lakes."""
"""809""","""A black hole can 'sing, some emit sound waves that we can detect with special equipment."""
"""810""","""There's a type of fungus that glows bright green in the dark."""
"""811""","""The world's largest active volcano is Mauna Loa in Hawaii."""
"""812""","""Some spiders build fake decoy spiders in their webs to confuse predators."""
"""813""","""There's a sea creature that can detach its own head and regrow a new body."""
"""814""","""Deep-sea fish have evolved eyes that can see in near-total darkness."""
"""815""","""There's a species of bat that can run on the ground using its wings as legs."""
"""816""","""A rare phenomenon called 'fire rainbows' occurs when ice crystals refract sunlight in the atmosphere."""
"""817""","""A mysterious 'Bloop' sound was detected in the Pacific Ocean in 1997 and remains unexplained."""
"""818""","""The world's longest-lasting lightning storm, known as the Catatumbo lightning, happens in Venezuela."""
"""819""","""A mysterious glowing patch in the ocean called 'Milky Seas' can cover thousands of miles."""
"""820""","""A fish called the archerfish can spit jets of water to shoot down insects above water."""
"""821""","""Scientists have found microbes that can live entirely off hydrogen gas, needing no sunlight or oxygen."""
"""822""","""A tiny frog in South America can mimic the movement of leaves to avoid detection by predators."""
"""823""","""Some ants have been observed farming tiny aphids for their sweet secretions."""
"""824""","""There is a cave in China filled with thousands of glowworms that create a starlike effect."""
"""825""","""A rare crystal found in meteorites is one of the oldest materials in the solar system."""
"""826""","""Saturn’s moon Enceladus has an ocean beneath its icy crust that may contain conditions for life."""
"""827""","""There's an insect called the assassin bug that uses dead insects as camouflage."""
"""828""","""A rare breed of horse called the Akhal-Teke has a metallic-looking coat."""
"""829""","""There's a type of beetle that can withstand being run over by a car without injury."""
"""830""","""A rare species of whale with only a few confirmed sightings is called the 'spade-toothed whale.'"""
"""831""","""Some octopuses collect coconut shells and use them as makeshift armor."""
"""832""","""There's a type of deep-sea squid that can become completely transparent."""
"""833""","""A river in Indonesia flows with naturally blue water due to minerals in the soil."""
"""834""","""The world's deepest blue hole, the Dragon Hole, is over 980 feet deep."""
"""835""","""There's a kind of star called a 'zombie star' that can reignite after exploding."""
"""836""","""Some jellyfish can live upside down on the ocean floor, absorbing sunlight for energy."""
"""837""","""A species of gecko can shed its skin and eat it as a survival strategy."""
"""838""","""There's a rare ocean wave phenomenon called a 'tidal bore' where waves travel upstream."""
"""839""","""Some fungi release spores that explode when they come into contact with light."""
"""840""","""A rare natural phenomenon called 'ball lightning' causes floating spheres of glowing light."""
"""841""","""There's an asteroid with a small moon orbiting it, effectively making it a mini-planet system."""
"""842""","""The first-ever photograph of an actual atom was taken in 2009."""
"""843""","""A species of fish called the opah is fully warm-blooded, unlike most other fish."""
"""844""","""A deep-sea crab called the yeti crab has hairy arms covered in bacteria."""
"""845""","""A rare type of lightning called 'sprite lightning' appears as red flashes in the upper atmosphere."""
"""846""","""The coldest place in the universe is a gas cloud where temperatures reach absolute zero."""
"""847""","""The longest-living individual tree is over 5,000 years old."""
"""848""","""Some frogs use their own skin as a food source by shedding and eating it."""
"""849""","""A species of shrimp glows in the dark to scare away predators."""
"""850""","""Some butterflies can see colors that humans cannot detect."""
"""851""","""A type of jellyfish found in the Arctic can freeze solid and survive."""
"""852""","""Scientists discovered a type of bacteria that eats plastic as its primary food source."""
"""853""","""There's a flower that smells like rotting flesh to attract flies for pollination."""
"""854""","""A prehistoric dragonfly had a wingspan of over two feet."""
"""855""","""A mysterious 'ghost shark' was captured on video for the first time in 2016."""
"""856""","""A certain type of bird can mimic over 200 different sounds, including chainsaws."""
"""857""","""A mysterious 'lava lake' has existed for decades inside a volcano in Antarctica."""
"""858""","""There's a type of ant that builds 'hanging bridges' using their own bodies."""
"""859""","""A type of deep-sea worm creates glowing slime to escape predators."""
"""860""","""Some fish can glow in the dark using bioluminescence to attract prey."""
"""861""","""A river in Yellowstone is so hot that it can cook fish instantly."""
"""862""","""Scientists discovered a star system where planets orbit in the opposite direction of their sun's spin."""
"""863""","""A giant virus was found frozen in Siberia and revived after 30,000 years."""
"""864""","""There's a species of snake that can glide through the air like a flying squirrel."""
"""865""","""A mysterious 'black hole' was discovered in an ancient Mayan city but turned out to be a collapsed cave."""
"""866""","""There's an area in the ocean known as the 'white shark cafe,' where great whites gather seasonally."""
"""867""","""Some ants use 'chemical warfare' by spraying toxins at enemy colonies."""
"""868""","""There is a type of bird called the hoatzin that smells like rotting meat due to its diet."""
"""869""","""A certain kind of deep-sea jellyfish has tentacles longer than a blue whale."""
"""870""","""The world's longest-lasting storm cloud, called the 'Morning Glory,' stretches for hundreds of miles."""
"""871""","""There's a star made almost entirely of diamond in the Milky Way."""
"""872""","""A type of jellyfish can produce a loud 'popping' sound underwater to communicate."""
"""873""","""Scientists have detected a repeating radio signal coming from deep space."""
"""874""","""A certain species of deep-sea fish is completely invisible in infrared light."""
"""875""","""A species of glow-in-the-dark mushroom is found only in the Brazilian rainforest."""
"""876""","""Scientists discovered an ancient underground ocean buried miles beneath Earth's surface."""
"""877""","""The world's oldest known footprint dates back over 3.6 million years."""
"""878""","""A lake in Africa occasionally releases bursts of deadly gas, suffocating wildlife around it."""
"""879""","""A tiny insect called the froghopper can jump over 100 times its body length."""
"""880""","""There's a rare lake in the Sahara that appears only after heavy rains."""
"""881""","""A starfish can flip itself over if it gets turned upside down."""
"""882""","""Some species of tarantulas keep tiny frogs as 'pets' to protect their eggs."""
"""883""","""The world's largest iceberg is bigger than some countries."""
"""884""","""There's a mysterious underwater 'fairy circle' phenomenon where seagrass grows in perfect circles."""
"""885""","""Scientists discovered an ancient 'super volcano' larger than Yellowstone beneath the Pacific Ocean."""
"""886""","""Some deep-sea creatures generate their own electricity to stun prey."""
"""887""","""A special type of fish called the barreleye has a transparent head."""
"""888""","""The oldest living shark is estimated to be over 500 years old."""
"""889""","""Some jellyfish have tiny stinging cells that work even after they're dead."""
"""890""","""The largest flower ever recorded weighed over 24 pounds."""
"""891""","""A newly discovered planet is made almost entirely of carbon, possibly a giant diamond."""
"""892""","""The world's deepest swimming pool is 196 feet deep and located in Poland."""
"""893""","""There's a jellyfish that looks like a glowing spaceship and lives in the deep sea."""
"""894""","""In Japan, you can hire a person to apologize on your behalf."""
"""895""","""The first recorded pizza delivery was in 1889 to the Queen of Italy."""
"""896""","""Scientists have discovered a planet where it rains molten iron."""
"""897""","""The electric eel can produce shocks of up to 600 volts."""
"""898""","""The world's largest cave, Son Doong in Vietnam, has its own ecosystem and clouds inside."""
"""899""","""There's a lake in Antarctica that never freezes, even at -50°F."""
"""900""","""There's a hotel in Sweden where guests sleep in rooms made entirely of ice."""
"""901""","""A species of turtle breathes through its butt to survive underwater for months."""
"""902""","""NASA’s Voyager 1 is the farthest human-made object from Earth."""
"""903""","""The blue morpho butterfly's wings are not actually blue; they only appear that way due to light reflection."""
"""904""","""There's an underground lake beneath the Sahara Desert."""
"""905""","""A teaspoon of honey represents the lifetime work of 12 bees."""
"""906""","""There's a river in Colombia that changes colors throughout the year due to plant pigments."""
"""907""","""The inventor of the lava lamp was inspired by a homemade egg timer."""
"""908""","""In ancient Egypt, doctors used moldy bread to treat infections—an early form of antibiotics."""
"""909""","""Cows have been observed making moo dialects based on their geographic location."""
"""910""","""Scientists have discovered bacteria that can survive solely on electricity."""
"""911""","""Your belly button is home to thousands of unique bacteria, some found nowhere else."""
"""912""","""There's a type of fungus that turns insects into zombies before killing them."""
"""913""","""A shrimp’s punch is so fast that it creates tiny bubbles as hot as the sun."""
"""914""","""A cat’s brain is about 90% similar to a human’s."""
"""915""","""The deepest point in the ocean is more than seven miles down."""
"""916""","""There's a fish that can walk on land and breathe air for short periods."""
"""917""","""Some species of jellyfish are bioluminescent, glowing to scare off predators."""
"""918""","""There's a type of ant that can shrink and regrow its brain."""
"""919""","""An albatross can sleep while flying."""
"""920""","""The world's oldest continuously operating hotel has been running for over 1,300 years."""
"""921""","""Lightning can be hotter than the surface of the Sun."""
"""922""","""The world's smallest reptile, discovered in 2021, can fit on the tip of a finger."""
"""923""","""A teaspoon of neutron star material would weigh as much as Mount Everest."""
"""924""","""There's a rare type of rainbow that appears only at night, called a moonbow."""
"""925""","""Some mushrooms create their own wind to help spread spores."""
"""926""","""There's an underground river in the Amazon that flows parallel to the surface river."""
"""927""","""The world's most expensive ice cream costs $6,696 per serving."""
"""928""","""There's an island in the Pacific where crabs outnumber humans 10,000 to 1."""
"""929""","""There's a species of shark that can live over 500 years."""
"""930""","""Scientists have found an exoplanet where the atmosphere is filled with glass particles."""
"""931""","""A piece of cake over 4,000 years old was found in an Egyptian tomb."""
"""932""","""Astronauts' hearts shrink in space due to lower gravity."""
"""933""","""There's an old train station in Japan that only operates to serve one person."""
"""934""","""A type of shrimp can glow in the dark to startle predators."""
"""935""","""There's a natural underwater waterfall off the coast of Mauritius."""
"""936""","""Octopuses sometimes punch fish for no apparent reason."""
"""937""","""A species of deep-sea fish has a transparent head."""
"""938""","""The world's largest known diamond is floating in space."""
"""939""","""Some species of bacteria can survive in nuclear waste."""
"""940""","""The world’s largest flower can grow over three feet wide."""
"""941""","""There's a planet where it rains liquid metal."""
"""942""","""A baby kangaroo is the size of a jellybean when born."""
"""943""","""A flea can jump up to 100 times its body length."""
"""944""","""The largest snowflake ever recorded was 15 inches wide."""
"""945""","""A specific kind of fish communicates using flatulence."""
"""946""","""There’s an ancient underground city in Turkey that could house 20,000 people."""
"""947""","""There’s a species of fish that can walk on its fins."""
"""948""","""Some beetles can survive being run over by a car."""
"""949""","""Earth once had a second moon."""
"""950""","""There’s a type of bacteria that can turn toxic waste into gold."""
"""951""","""There's a lake in Canada that is completely full of dissolved diamonds."""
"""952""","""The smell of vanilla can reduce stress."""
"""953""","""The shortest war in history lasted just 38 minutes."""
"""954""","""There’s an octopus that can mimic other animals perfectly."""
"""955""","""Some species of fish can change their sex based on environmental needs."""
"""956""","""The hottest place in the solar system (besides the sun) is Venus."""
"""957""","""A mosquito’s wings beat up to 600 times per second."""
"""958""","""The world's longest wave lasts over 30 minutes."""
"""959""","""A man once survived being hit by a meteorite while sitting on his couch."""
"""960""","""The planet Mercury is shrinking."""
"""961""","""Some species of octopuses can edit their own genes."""
"""962""","""There is an underwater mountain range larger than the Himalayas."""
"""963""","""Antarctica is the driest place on Earth, not the Sahara Desert."""
"""964""","""Neptune has the fastest winds in the solar system."""
"""965""","""The Eiffel Tower leans slightly toward the shade on sunny days."""
"""966""","""There's a spider that builds decoy spiders in its web."""
"""967""","""The world’s smallest mammal is the bumblebee bat."""
"""968""","""Some bacteria can live entirely inside a rock."""
"""969""","""A single lightning bolt can reach temperatures five times hotter than the sun."""
"""970""","""A starfish can regrow an entire body from a single arm."""
"""971""","""There's a waterfall in Antarctica that flows with red water, known as Blood Falls."""
"""972""","""Octopus arms can continue reacting to stimuli even after being severed."""
"""973""","""Some frogs can see in nearly complete darkness thanks to their highly sensitive eyes."""
"""974""","""A tiny island in Japan is home to more rabbits than people."""
"""975""","""The world's smallest park, Mill Ends Park in Portland, Oregon, is only two feet in diameter."""
"""976""","""Some species of shrimp can snap their claws so fast it creates a shockwave that stuns prey."""
"""977""","""The fastest bird in a dive is the peregrine falcon, reaching speeds of over 240 mph."""
"""978""","""A volcano in Indonesia erupts blue flames due to high sulfur content."""
"""979""","""The first recorded speeding ticket was issued in 1902 for going 45 mph."""
"""980""","""Some trees release chemicals to warn other trees of nearby insect attacks."""
"""981""","""There's a river in Colombia that appears to have five different colors due to unique algae."""
"""982""","""A lake in Canada has water so clear you can see over 100 feet down."""
"""983""","""The world's longest recorded hiccuping spree lasted 68 years."""
"""984""","""An ancient shark species, Helicoprion, had teeth that grew in a spiral."""
"""985""","""There's a type of fish that can climb waterfalls using suction power."""
"""986""","""An island in the Pacific has so many land crabs they cover the ground like a moving carpet."""
"""987""","""Some plants can recognize their relatives and give them more nutrients."""
"""988""","""There's a species of fish that produces natural antifreeze to survive icy waters."""
"""989""","""A mysterious deep-sea creature called the barreleye fish has a transparent head."""
"""990""","""There's a species of lizard that can squirt blood from its eyes as a defense mechanism."""
"""991""","""Some birds have been observed dancing to attract mates."""
"""992""","""There's a species of turtle that can live over 200 years."""
"""993""","""The Sahara Desert was once covered in lush vegetation and rivers."""
"""994""","""A river in Yellowstone National Park is hot enough to cook food naturally."""
"""995""","""Octopuses have copper-based blood, which makes it blue instead of red."""
"""996""","""There's a hotel in Sweden that is rebuilt every year using ice from the Torne River."""
"""997""","""The oldest known living tree, named Methuselah, is over 4,800 years old."""
"""998""","""Scientists have found a planet where it rains molten iron."""
"""999""","""There’s a lake in Africa that releases deadly carbon dioxide, suffocating nearby wildlife."""
"""1000""","""The world's longest wave lasts over 30 minutes and is called a tidal bore."""
"""1001""","""There’s an underground river flowing beneath the Amazon River."""
"""1002""","""Some fireflies synchronize their flashes in massive light displays."""
"""1003""","""There’s a fungus that eats radiation and thrives inside nuclear reactors."""
"""1004""","""A tiny jellyfish, Turritopsis dohrnii, is biologically immortal."""
"""1005""","""There’s a deep-sea octopus that guards its eggs for over four years."""
"""1006""","""A giant virus was discovered in Siberia and revived after 30,000 years."""
"""1007""","""There's a type of beetle that can survive being run over by a car without injury."""